ID,Idade,Renda Anual,Empréstimo Atual,Número de Dependentes,Estado Civil,Número de Cartões de Crédito,Histórico de Crédito,Histórico de Atrasos,Valor de Dívida Total,Score de Crédito,Risco de Crédito
1,56,54674,48055,0,Solteiro,1,2,3,8194,571,0
2,69,55854,47733,2,Casado,6,1,1,6851,315,1
3,46,66271,20508,0,Casado,5,0,3,24057,723,1
4,32,93688,43287,3,Casado,1,2,2,17378,823,0
5,60,58518,14380,0,Casado,2,0,1,1678,320,1
6,25,30267,27984,3,Solteiro,3,2,0,1988,527,0
7,38,21062,45633,1,Solteiro,4,1,2,2502,587,0
8,56,70448,9125,1,Casado,1,2,1,19173,433,0
9,36,26229,37059,4,Casado,2,2,0,22665,582,0
10,40,76793,5033,2,Solteiro,5,0,0,17198,703,1
11,28,67915,38873,4,Divorciado,1,1,3,22411,365,0
12,28,24632,18087,3,Divorciado,1,0,2,18809,736,0
13,41,23596,41901,4,Solteiro,4,1,0,16867,558,0
14,53,26168,6704,0,Casado,2,0,1,15266,402,0
15,57,27561,8848,3,Casado,3,2,0,7654,400,1
16,41,93794,22592,1,Divorciado,5,0,0,3440,497,1
17,20,46734,46743,2,Divorciado,2,1,3,11234,525,1
18,39,26371,7924,3,Solteiro,5,1,3,24240,762,0
19,19,46069,28208,3,Divorciado,1,2,1,8367,536,1
20,41,99905,20614,0,Solteiro,4,1,3,14490,325,1
21,61,32910,1488,2,Divorciado,4,0,0,3594,420,0
22,47,93479,40882,1,Divorciado,6,2,0,22073,805,1
23,55,97735,26923,3,Divorciado,3,1,3,19820,481,0
24,19,43275,49508,3,Casado,4,1,0,6517,842,1
25,38,92274,36941,0,Casado,1,0,0,10219,614,1
26,50,80004,30165,4,Casado,3,0,1,7310,572,1
27,29,82981,2667,1,Divorciado,2,2,3,4539,531,1
28,39,74553,27213,2,Solteiro,4,1,0,15744,719,0
29,61,68447,5114,3,Solteiro,3,0,3,20867,741,0
30,42,54529,37321,3,Solteiro,1,2,1,24755,795,1
31,66,95703,8761,1,Solteiro,6,1,3,19625,323,0
32,44,96090,32116,4,Casado,5,1,0,7378,408,1
33,59,37260,34768,3,Casado,5,2,3,20149,801,1
34,45,23812,49406,1,Divorciado,1,2,0,10365,324,1
35,33,48024,26426,0,Divorciado,1,0,0,12422,486,1
36,32,78656,18772,4,Solteiro,5,1,0,5911,587,1
37,64,47285,39218,2,Casado,6,1,1,1403,637,1
38,68,21605,4712,3,Solteiro,3,1,3,14180,336,0
39,61,91158,2367,1,Divorciado,5,2,1,20766,436,0
40,69,92303,41957,0,Divorciado,1,0,3,5163,807,1
41,20,47139,42781,2,Solteiro,4,1,1,17471,526,0
42,54,97149,27200,1,Divorciado,2,2,2,15336,619,1
43,68,76138,4726,1,Solteiro,6,1,0,23200,481,0
44,24,96125,24616,2,Casado,6,0,0,6470,385,0
45,38,33918,28723,0,Solteiro,4,1,1,15953,766,0
46,26,47446,38574,0,Casado,4,0,2,7276,352,1
47,56,33046,35958,4,Casado,1,0,0,6739,534,0
48,35,44818,10108,3,Divorciado,5,1,3,21657,732,1
49,21,24324,13178,2,Divorciado,3,1,1,7523,795,1
50,42,96323,36643,2,Divorciado,6,0,0,22387,399,1
51,31,29111,32324,2,Solteiro,6,2,0,15993,702,0
52,67,58110,39360,0,Solteiro,4,0,1,13873,695,0
53,26,36389,18824,3,Divorciado,5,1,1,23990,826,0
54,43,61427,46360,4,Solteiro,6,1,3,14419,714,1
55,19,99579,9927,1,Divorciado,3,2,3,15457,762,1
56,37,48746,29144,1,Solteiro,4,0,0,3064,840,0
57,45,20117,32010,2,Casado,3,0,0,6315,663,1
58,64,33234,23443,3,Casado,5,0,1,11566,429,0
59,24,73441,15437,0,Divorciado,6,1,0,1317,383,0
60,61,20846,45298,3,Solteiro,2,0,0,18886,570,0
61,25,30954,40778,3,Solteiro,6,2,1,7130,543,0
62,64,99239,12207,0,Casado,5,1,0,8419,687,1
63,52,66514,26537,2,Casado,6,1,0,3042,513,0
64,31,26469,36757,3,Divorciado,6,0,2,5598,465,0
65,34,50105,13040,1,Casado,1,2,3,11214,358,0
66,53,62101,42986,0,Divorciado,6,1,1,1118,803,0
67,67,84323,23612,4,Casado,6,1,2,1709,422,0
68,57,78067,29441,2,Casado,3,0,3,16857,712,0
69,21,69376,7471,0,Solteiro,2,0,3,20941,438,0
70,19,65587,36631,4,Casado,3,2,3,13601,528,1
71,23,56976,44461,4,Casado,3,0,2,4250,573,1
72,59,87584,27523,3,Divorciado,4,2,2,9061,738,1
73,21,98477,32348,3,Casado,1,1,3,9609,417,1
74,46,62533,2177,3,Divorciado,3,2,0,3603,782,0
75,35,21828,5760,0,Casado,5,2,0,13046,694,1
76,43,21917,33779,0,Casado,5,2,2,18485,759,1
77,61,40618,22636,2,Divorciado,6,1,2,21805,377,1
78,51,52254,17353,3,Solteiro,4,0,2,8857,711,0
79,27,67362,12556,4,Divorciado,1,1,3,12620,374,1
80,53,40128,28598,1,Divorciado,1,0,0,9177,594,1
81,31,79383,12563,2,Divorciado,6,2,2,23466,320,0
82,48,85545,47819,0,Solteiro,5,2,2,24042,470,1
83,65,29865,44790,2,Casado,2,2,1,19645,314,0
84,32,22219,9234,2,Divorciado,4,2,3,12826,510,1
85,25,59809,26519,2,Divorciado,6,2,1,14890,385,0
86,31,25287,27966,2,Solteiro,4,0,0,17892,448,1
87,40,54387,17173,1,Divorciado,5,0,1,19763,671,1
88,57,28512,27987,3,Casado,5,2,1,22136,779,1
89,38,21342,14178,4,Solteiro,2,1,1,14830,450,0
90,33,83076,40338,2,Casado,2,1,3,10484,440,1
91,62,39216,25596,2,Casado,1,2,0,6495,368,0
92,35,99767,34174,2,Solteiro,4,0,1,12267,559,0
93,64,46614,42974,3,Divorciado,4,1,3,20593,820,0
94,41,56258,5431,0,Casado,5,1,0,8398,670,0
95,43,62078,28764,0,Casado,1,1,2,7743,718,1
96,42,32219,22627,1,Casado,6,2,1,23032,400,1
97,62,20235,40310,0,Casado,4,1,0,6171,542,1
98,58,62929,9906,2,Solteiro,1,1,1,17005,811,0
99,46,87444,37914,2,Solteiro,1,1,2,17708,394,1
100,32,28567,45814,2,Casado,5,1,0,14004,525,0
101,62,90792,46379,1,Divorciado,1,0,3,11962,817,0
102,18,85441,14076,2,Casado,2,2,0,11775,513,0
103,42,93698,38650,0,Divorciado,2,2,3,4557,366,1
104,24,25415,47881,3,Casado,3,0,0,4587,695,1
105,26,56159,47413,3,Divorciado,5,0,3,17535,311,0
106,41,63925,7012,4,Casado,6,2,2,1954,536,1
107,18,25951,8151,0,Divorciado,3,1,2,14794,698,1
108,61,28007,29211,2,Casado,2,1,2,21738,706,0
109,25,61832,28117,3,Casado,3,2,0,24544,779,0
110,41,78596,37378,0,Divorciado,5,1,2,1687,521,1
111,28,50523,43652,3,Solteiro,5,0,1,9501,455,0
112,68,35524,7894,2,Divorciado,1,1,2,16138,727,0
113,34,39282,14467,3,Solteiro,4,1,3,10694,457,1
114,25,43930,32010,4,Casado,1,1,3,4127,715,1
115,52,20077,43641,4,Divorciado,5,2,3,24147,625,0
116,52,40611,13289,3,Divorciado,2,0,0,13760,670,1
117,50,36984,45976,0,Divorciado,6,1,1,12559,643,0
118,22,34060,44596,0,Solteiro,2,2,2,15796,561,0
119,59,63303,24171,0,Solteiro,1,1,1,4395,582,1
120,56,79207,35905,3,Casado,6,0,1,1845,528,0
121,58,95046,21829,0,Solteiro,5,1,3,2164,579,0
122,45,49287,35054,2,Solteiro,2,0,3,13954,589,0
123,24,59711,49478,4,Casado,5,1,3,6904,346,1
124,26,31954,45139,2,Divorciado,6,0,0,14731,513,1
125,25,93340,49713,0,Divorciado,6,1,1,22744,323,1
126,29,92101,30734,2,Casado,2,0,1,1354,620,0
127,51,91520,8052,0,Divorciado,5,1,0,19256,573,0
128,50,38574,4654,3,Solteiro,3,1,0,19408,612,1
129,65,29184,24486,2,Casado,5,2,0,3817,662,1
130,40,39096,19743,3,Casado,6,2,1,4832,679,1
131,41,87728,49368,3,Casado,5,0,1,13467,769,0
132,54,54016,25489,1,Divorciado,1,1,3,9257,415,1
133,52,31246,9636,0,Casado,3,0,3,14107,341,0
134,61,65558,7441,4,Casado,4,2,1,13458,678,1
135,57,38381,25611,0,Casado,1,0,3,11713,505,0
136,39,56455,43435,4,Divorciado,4,0,0,3581,765,0
137,44,24018,13149,0,Solteiro,2,2,2,10582,579,1
138,52,31302,35566,3,Casado,4,1,3,19870,417,0
139,18,87506,43368,2,Solteiro,5,0,1,9418,536,1
140,52,61157,22675,2,Divorciado,4,2,3,19827,608,0
141,54,74917,6495,1,Divorciado,6,1,3,15419,755,0
142,64,44519,43668,4,Divorciado,1,2,3,12814,774,1
143,31,76819,14673,4,Divorciado,1,0,2,2036,399,0
144,20,91324,12130,4,Solteiro,4,1,0,11024,560,1
145,18,25408,23668,3,Casado,1,1,1,11932,604,1
146,22,79379,16222,4,Divorciado,6,2,2,8435,653,1
147,43,45053,24669,2,Divorciado,1,2,1,2548,585,0
148,31,29446,35068,3,Solteiro,4,2,1,6065,627,0
149,56,20922,24253,0,Solteiro,3,1,1,23880,402,0
150,44,71356,10435,4,Divorciado,3,1,2,23567,362,1
151,26,30789,29552,4,Casado,2,0,0,21341,581,1
152,32,86656,38384,0,Casado,1,1,1,4407,740,0
153,32,64028,17393,4,Divorciado,4,0,0,1639,592,0
154,43,84484,11617,0,Solteiro,1,2,0,1172,306,1
155,59,52154,39520,3,Divorciado,5,2,3,6666,391,0
156,30,22336,10852,2,Divorciado,6,1,2,5354,489,1
157,68,87779,32401,0,Solteiro,1,2,2,21343,775,0
158,49,39029,7295,1,Divorciado,1,2,3,11109,810,1
159,56,79201,36993,0,Divorciado,3,1,3,3886,761,0
160,66,52265,35084,4,Divorciado,6,0,0,3164,352,0
161,69,63872,46105,3,Solteiro,4,1,1,4945,785,1
162,49,66197,40575,3,Casado,1,0,2,22619,789,1
163,21,75180,37451,0,Casado,3,1,1,11401,663,1
164,47,43710,8227,2,Solteiro,2,1,1,8746,411,0
165,54,49486,32910,1,Casado,6,2,3,12975,708,1
166,40,91907,37041,3,Divorciado,3,1,1,19974,306,1
167,56,91895,24384,4,Casado,3,1,0,8754,496,0
168,62,84435,1145,4,Divorciado,3,0,3,16596,666,1
169,32,60631,38778,2,Casado,1,2,1,22318,549,1
170,60,40103,17035,3,Solteiro,1,0,3,21460,539,1
171,46,84772,4040,0,Casado,2,0,0,6185,679,0
172,53,34382,43422,4,Casado,5,2,0,2093,770,0
173,30,23756,27160,2,Casado,5,2,1,4880,754,0
174,49,40609,18633,3,Solteiro,5,2,3,11686,665,1
175,24,36478,30344,3,Casado,6,1,1,23943,589,0
176,68,59666,18014,3,Solteiro,6,2,1,11771,702,1
177,39,95683,15996,3,Divorciado,2,2,3,11680,357,1
178,45,91315,42621,3,Casado,6,2,1,3785,820,1
179,19,97834,12695,4,Solteiro,5,0,0,23449,603,0
180,59,34153,3852,2,Solteiro,5,0,3,15799,414,0
181,62,96325,17014,3,Casado,3,1,3,17280,509,1
182,23,32999,28042,1,Divorciado,6,0,3,7539,340,1
183,45,75318,34755,1,Solteiro,1,1,3,18958,472,0
184,45,20814,41390,2,Casado,1,0,1,17016,533,0
185,61,96077,24711,0,Divorciado,3,2,1,23060,702,0
186,61,22443,27122,0,Solteiro,3,0,0,15730,338,1
187,37,95993,10160,0,Solteiro,3,1,2,11565,418,0
188,47,95916,28213,1,Divorciado,1,0,2,9060,634,0
189,28,93319,40420,0,Divorciado,5,2,0,4990,635,0
190,45,37368,8421,4,Casado,3,1,2,22594,838,1
191,42,35328,22400,3,Casado,2,2,0,22229,373,0
192,56,76942,34537,1,Solteiro,3,2,1,18573,490,1
193,50,47306,18727,2,Divorciado,4,1,3,20073,623,1
194,18,59915,47882,2,Divorciado,3,2,3,5095,446,1
195,44,57219,5358,3,Divorciado,1,2,1,15549,583,0
196,69,84644,29482,1,Solteiro,6,0,3,19259,512,0
197,30,80279,33117,0,Divorciado,3,2,3,20790,693,0
198,58,73028,24164,0,Divorciado,6,2,2,10979,638,1
199,20,20126,32910,4,Solteiro,4,2,1,21316,321,0
200,56,72329,33496,4,Casado,2,2,2,6408,404,1
201,23,47632,45311,0,Casado,6,1,2,21245,765,0
202,25,85310,30371,2,Solteiro,5,0,3,14937,758,0
203,44,75176,39467,2,Divorciado,3,2,3,24790,731,0
204,26,64327,18625,4,Solteiro,4,2,1,3833,520,0
205,54,88904,34893,3,Casado,4,1,3,6285,678,1
206,50,23797,11793,0,Casado,6,2,3,10589,521,1
207,68,67882,32007,4,Solteiro,2,1,1,15708,557,1
208,59,33718,26766,4,Solteiro,1,0,3,15116,666,1
209,61,54560,40532,0,Casado,3,0,2,8645,648,0
210,41,96589,13323,0,Solteiro,4,2,1,13018,524,1
211,32,42116,46799,2,Casado,2,2,3,11889,535,1
212,49,56244,47820,3,Solteiro,5,2,0,5777,482,1
213,49,21645,46408,3,Solteiro,4,1,1,16994,743,0
214,41,67523,8843,0,Solteiro,2,2,1,3735,305,1
215,58,39256,15210,1,Casado,1,2,0,14611,535,1
216,69,73173,17456,4,Solteiro,1,0,3,7368,426,0
217,66,57430,32367,4,Casado,4,2,3,18205,403,0
218,66,59282,11106,0,Casado,4,0,1,24909,779,1
219,69,83374,38957,1,Solteiro,6,2,1,1162,454,1
220,29,88244,3472,2,Solteiro,3,0,3,8777,556,0
221,56,31694,7704,0,Casado,2,2,3,15849,534,1
222,19,76264,4713,0,Casado,4,0,2,19316,799,0
223,20,95060,6051,4,Divorciado,3,1,1,4535,588,1
224,66,77545,11756,0,Casado,6,0,1,23340,809,1
225,54,59224,3475,0,Divorciado,3,0,0,20830,597,1
226,66,33224,37378,0,Divorciado,4,0,2,14403,436,1
227,34,60738,5255,4,Divorciado,1,2,3,15516,675,1
228,66,45150,15484,2,Solteiro,2,2,2,20174,386,0
229,19,83731,35503,2,Solteiro,2,2,3,20091,718,0
230,19,69688,9258,0,Casado,1,1,3,8959,498,1
231,45,93509,41747,4,Divorciado,4,1,2,4933,762,1
232,40,28577,36196,2,Solteiro,2,0,1,4385,736,1
233,54,28070,46113,2,Solteiro,4,1,3,24020,609,0
234,49,28666,41194,2,Solteiro,6,0,2,1922,580,0
235,50,77761,9533,4,Solteiro,4,0,0,11367,622,0
236,18,56368,33581,4,Solteiro,3,0,2,14737,451,0
237,36,26783,6249,0,Divorciado,1,1,0,1564,601,0
238,19,61914,20201,3,Divorciado,4,2,3,20642,577,0
239,61,90507,10686,2,Divorciado,6,1,2,11789,307,0
240,43,99026,47877,3,Divorciado,5,0,2,3500,534,0
241,49,87526,33007,4,Casado,1,0,0,21950,601,1
242,23,90835,1661,4,Divorciado,2,1,2,7881,337,0
243,49,65765,45843,4,Solteiro,3,0,2,4636,435,0
244,21,39956,31137,3,Divorciado,2,0,3,23414,720,0
245,28,66240,48556,4,Casado,6,1,2,1223,518,0
246,34,57148,43828,0,Solteiro,6,1,1,7297,647,1
247,55,24757,49604,4,Divorciado,2,1,0,15895,845,0
248,41,39097,11526,1,Divorciado,1,0,2,1350,378,1
249,22,30395,4374,3,Divorciado,2,0,0,24698,572,1
250,69,36241,26592,1,Solteiro,4,2,0,19312,460,1
251,51,47696,29982,4,Solteiro,2,2,0,5732,607,0
252,23,90480,1207,0,Casado,3,1,2,2017,673,0
253,39,66163,36433,2,Solteiro,3,2,2,19610,308,0
254,28,39816,24197,4,Solteiro,5,0,0,24590,743,1
255,65,69840,34400,0,Divorciado,3,2,1,16229,412,1
256,33,72853,4083,3,Solteiro,2,0,0,8170,504,1
257,50,44917,30328,1,Divorciado,3,1,1,14303,704,1
258,26,41566,47479,1,Divorciado,1,1,0,7207,496,0
259,23,95452,43891,1,Solteiro,3,0,3,13316,414,0
260,33,82823,21103,3,Casado,4,2,0,3419,420,0
261,46,40806,40891,0,Casado,1,1,0,7240,364,1
262,20,95520,11754,3,Solteiro,5,1,2,2893,575,1
263,37,21759,35447,1,Casado,4,2,1,14753,538,0
264,53,61949,16901,4,Divorciado,2,2,3,6322,601,0
265,36,22482,34004,2,Divorciado,2,0,1,12232,691,1
266,43,44442,8446,3,Solteiro,2,2,3,24262,821,0
267,20,53719,38211,3,Casado,4,2,0,18509,668,0
268,36,78066,49231,0,Casado,4,2,2,4117,532,1
269,37,22079,30301,0,Divorciado,4,0,2,5161,494,1
270,49,22717,27116,3,Solteiro,1,0,1,16523,311,1
271,24,79676,42323,1,Casado,6,1,2,5042,476,0
272,69,47952,19752,2,Solteiro,1,0,1,5433,516,1
273,58,62460,33376,0,Casado,2,1,1,15016,310,0
274,50,92847,17669,1,Divorciado,6,2,3,3658,745,0
275,57,38449,33916,4,Divorciado,3,1,1,11910,463,1
276,56,53536,14395,0,Solteiro,2,1,3,20867,352,0
277,35,84077,21421,1,Divorciado,5,2,2,3944,517,1
278,57,58258,27342,1,Casado,1,1,1,8210,659,1
279,18,68302,5895,2,Divorciado,4,0,1,9787,684,0
280,28,48865,12023,2,Solteiro,1,0,0,2986,355,0
281,45,26645,11699,4,Solteiro,4,0,1,11942,417,1
282,42,58000,10715,1,Solteiro,6,0,1,18458,552,1
283,67,46737,20169,1,Casado,5,1,0,13161,479,1
284,40,31485,17163,2,Casado,6,1,0,21689,714,1
285,48,58565,6782,0,Casado,5,2,2,4007,534,1
286,47,45522,23641,0,Casado,1,1,1,1969,379,1
287,59,85155,19792,3,Casado,4,1,2,9772,321,0
288,52,75168,36585,2,Divorciado,6,1,2,3824,776,0
289,24,72487,31682,3,Casado,5,2,0,2211,739,0
290,33,32342,48864,2,Casado,2,0,3,1229,392,0
291,43,60806,19880,4,Divorciado,2,1,2,21668,491,1
292,65,68770,39067,1,Casado,6,2,3,16774,402,0
293,69,98623,43685,4,Solteiro,4,2,1,15345,695,0
294,66,95629,19073,2,Casado,6,2,0,4185,306,1
295,19,72603,37035,1,Casado,1,0,1,16011,530,0
296,18,46399,38174,0,Solteiro,5,1,1,17885,539,1
297,65,96534,25837,0,Solteiro,1,2,0,1048,389,1
298,29,75106,18826,3,Solteiro,2,0,1,20950,531,1
299,22,50678,25981,2,Solteiro,5,2,0,16173,756,1
300,54,96218,11382,2,Casado,6,2,3,20439,532,1
301,49,83230,5437,0,Solteiro,1,2,1,17770,653,0
302,26,94055,6435,4,Solteiro,3,2,0,1969,632,0
303,58,76373,25819,1,Divorciado,4,2,2,15553,738,0
304,52,51480,37875,4,Solteiro,4,0,1,6820,674,1
305,36,88836,32982,4,Solteiro,3,1,3,15292,591,0
306,65,92258,34328,0,Divorciado,2,1,0,4052,644,0
307,33,59986,13329,0,Divorciado,5,1,1,12609,727,0
308,20,44160,26169,0,Casado,4,1,1,24781,429,0
309,37,99111,22932,3,Divorciado,3,0,1,3302,440,1
310,41,84929,35594,4,Casado,6,0,3,3283,714,0
311,50,93506,12421,2,Divorciado,3,0,0,16385,392,1
312,41,54911,46033,1,Divorciado,2,2,2,10799,583,1
313,69,51821,8629,3,Casado,2,2,2,16620,522,0
314,28,95039,9325,2,Divorciado,1,2,2,21750,762,1
315,66,80535,29495,4,Casado,4,1,0,1122,844,1
316,25,32175,32750,0,Divorciado,1,2,2,24183,575,1
317,53,74771,30619,4,Solteiro,3,1,3,10472,439,1
318,55,86358,41461,1,Divorciado,5,2,0,4727,656,1
319,57,37327,9264,3,Casado,5,1,1,14732,322,1
320,37,67057,13686,3,Divorciado,2,2,3,5958,569,1
321,52,26150,47484,1,Casado,5,2,1,1524,632,0
322,65,24425,25226,2,Casado,5,0,2,10079,384,0
323,42,36032,7721,2,Solteiro,5,2,3,9399,330,1
324,52,22198,21609,3,Solteiro,3,2,0,17532,539,1
325,42,80500,8373,3,Casado,5,0,3,17821,662,0
326,46,73394,39675,0,Divorciado,6,1,1,11394,688,0
327,35,40079,49895,2,Casado,5,0,0,4749,598,0
328,63,56220,29937,1,Casado,5,0,3,12353,670,0
329,35,61874,6656,2,Divorciado,1,1,3,15009,398,1
330,19,33859,9984,0,Divorciado,3,2,3,21837,346,1
331,52,70460,30984,3,Divorciado,2,1,3,12437,721,0
332,33,51419,9286,3,Divorciado,1,2,0,6336,779,0
333,58,28705,6901,0,Casado,4,2,1,5551,361,0
334,53,62880,32552,1,Casado,3,1,3,3823,408,0
335,50,43236,26709,3,Solteiro,6,0,0,23112,848,1
336,21,35358,32055,4,Casado,3,1,1,13916,418,0
337,50,96918,38685,3,Divorciado,4,2,3,16167,681,0
338,31,34596,9429,4,Solteiro,4,1,1,9677,691,0
339,38,53572,15716,0,Divorciado,4,1,1,15868,351,1
340,65,98757,49563,0,Casado,2,2,0,9391,588,1
341,37,21279,12138,3,Solteiro,5,0,1,13658,636,1
342,25,83197,36298,2,Divorciado,3,1,0,19366,503,0
343,24,82516,24429,4,Solteiro,5,2,3,24380,537,0
344,20,27083,6772,1,Solteiro,5,2,1,10663,681,0
345,34,37771,49244,3,Casado,6,1,1,3311,435,1
346,50,49975,49519,1,Divorciado,4,0,2,8225,706,1
347,65,65648,36732,3,Solteiro,2,1,3,12565,807,0
348,29,68285,40905,2,Solteiro,6,0,3,11270,661,0
349,68,39063,18347,2,Divorciado,1,0,2,14560,680,1
350,39,87642,17920,2,Solteiro,2,0,2,17988,553,0
351,39,57599,32822,2,Solteiro,5,0,0,16965,776,0
352,63,71920,47659,0,Solteiro,2,1,0,6785,413,0
353,47,48529,41108,0,Divorciado,4,2,1,21981,319,1
354,55,55954,24563,4,Divorciado,1,2,1,13067,827,0
355,55,47856,8967,1,Divorciado,4,2,1,24916,444,0
356,62,22573,46183,3,Divorciado,1,2,1,9740,507,0
357,68,98344,12871,3,Casado,6,2,0,14653,830,0
358,25,55367,29763,0,Solteiro,5,2,3,18222,675,1
359,44,80774,12916,3,Divorciado,1,1,1,4815,803,1
360,44,43752,9734,0,Solteiro,1,0,3,18231,465,1
361,51,75029,34613,4,Solteiro,1,2,1,5709,849,0
362,38,37685,29179,1,Casado,2,1,2,5507,480,1
363,47,71693,36262,4,Divorciado,6,2,1,7575,743,0
364,50,75961,13677,2,Divorciado,2,2,1,5773,631,1
365,45,96908,19268,2,Solteiro,5,0,1,13446,802,0
366,64,94532,13330,2,Divorciado,1,0,0,21852,378,1
367,50,76133,21733,4,Solteiro,6,0,2,11464,695,1
368,22,81268,38947,3,Solteiro,6,2,1,16864,402,1
369,65,58243,28286,1,Casado,3,2,1,22576,701,0
370,36,77384,7610,2,Casado,5,2,3,4320,523,0
371,21,51653,7430,2,Casado,6,0,2,11750,817,0
372,52,46657,40922,2,Solteiro,1,1,1,5698,535,1
373,66,59952,14828,1,Divorciado,1,2,3,21695,726,0
374,34,42180,43913,2,Casado,6,2,3,21057,415,0
375,61,98411,32497,1,Divorciado,2,2,0,18948,462,0
376,45,21622,40256,2,Casado,5,1,3,19224,525,0
377,47,68756,37618,4,Casado,1,2,1,7058,529,0
378,46,60809,47332,4,Solteiro,6,1,0,24515,481,0
379,63,36725,27526,1,Casado,1,2,0,1726,548,1
380,23,81396,31158,4,Casado,6,1,1,7697,617,1
381,52,71226,26032,1,Solteiro,5,2,2,12910,509,0
382,58,49402,38846,4,Divorciado,6,0,3,10257,691,1
383,54,24263,45936,4,Casado,3,0,0,13963,395,1
384,41,66828,30794,1,Solteiro,6,0,2,17666,385,0
385,46,67924,6448,3,Casado,6,0,1,2081,714,0
386,66,94182,29861,4,Solteiro,5,2,3,21269,693,1
387,63,79052,29141,2,Divorciado,6,0,3,20265,800,0
388,48,31664,10074,3,Divorciado,5,1,0,11776,432,1
389,52,55737,7406,1,Solteiro,3,0,3,15196,613,1
390,50,49373,32823,3,Solteiro,5,0,3,20354,520,1
391,69,56397,24291,0,Solteiro,1,0,3,10344,737,0
392,38,58709,42568,0,Divorciado,5,2,3,16958,345,1
393,49,81120,33003,4,Casado,3,0,1,24369,491,0
394,40,39250,47851,4,Divorciado,4,1,2,12689,819,0
395,50,41172,35406,2,Solteiro,6,0,1,18331,678,0
396,20,31555,24312,3,Solteiro,5,0,1,5760,633,0
397,35,98617,44108,0,Divorciado,6,0,0,14436,338,0
398,42,73276,2382,4,Solteiro,2,1,3,1066,592,1
399,59,77492,35171,3,Divorciado,1,0,1,1564,461,0
400,48,73002,42779,4,Solteiro,1,1,3,14393,630,0
401,20,92355,4292,4,Casado,2,1,1,4670,403,0
402,57,44762,42779,0,Casado,2,0,1,3251,460,0
403,63,31046,34187,0,Solteiro,5,1,0,13949,353,0
404,41,48769,13411,4,Divorciado,2,2,2,1804,333,1
405,67,73302,38285,1,Casado,4,0,2,22015,541,0
406,49,43150,16422,4,Divorciado,6,0,1,10583,412,0
407,64,88247,43468,4,Solteiro,6,1,0,18619,617,1
408,39,24853,33371,2,Divorciado,3,1,3,24104,322,0
409,40,41792,6693,2,Casado,2,0,3,13224,417,1
410,19,79129,34535,2,Divorciado,2,2,1,24290,511,1
411,44,94478,15818,1,Divorciado,4,1,2,7016,717,1
412,59,87298,32238,1,Solteiro,1,1,0,14036,412,1
413,19,51987,31874,4,Solteiro,1,2,2,20933,343,0
414,43,35850,27715,2,Solteiro,6,2,3,13392,427,0
415,34,32112,28605,1,Casado,6,0,2,8938,457,1
416,57,44058,35317,0,Casado,5,2,3,5141,693,1
417,50,65420,32174,4,Solteiro,4,0,0,24350,811,0
418,26,58890,10956,3,Solteiro,3,2,0,10546,344,1
419,60,86017,39908,4,Casado,3,1,1,6335,407,1
420,65,67304,11837,3,Casado,4,0,1,6077,518,1
421,56,52921,4716,2,Casado,3,0,2,14247,742,0
422,46,21524,5481,3,Casado,1,0,0,6611,614,1
423,59,35048,25282,2,Solteiro,3,2,0,9089,476,0
424,43,55111,7548,0,Casado,3,1,1,3892,527,0
425,52,57904,38605,3,Solteiro,4,0,3,6577,566,0
426,67,74912,8758,4,Divorciado,4,0,2,21002,678,1
427,42,54008,44668,2,Divorciado,3,0,2,18943,788,1
428,41,20060,24177,4,Casado,2,0,1,7683,589,0
429,30,94666,25022,1,Divorciado,4,1,0,2507,656,0
430,24,75337,41761,2,Divorciado,5,2,1,17335,503,0
431,53,33350,6542,3,Divorciado,5,1,1,3063,512,1
432,62,44354,26476,2,Casado,1,0,1,21026,622,1
433,37,65186,31784,4,Casado,3,1,1,3000,480,0
434,18,48145,23740,0,Divorciado,2,0,3,16566,798,0
435,25,54020,25817,2,Solteiro,1,2,3,2294,619,1
436,63,95186,48596,3,Divorciado,3,2,0,16096,382,0
437,33,40581,17052,1,Casado,4,2,1,5065,602,1
438,31,43051,36153,0,Casado,5,0,3,15090,561,1
439,29,71474,48076,1,Casado,6,1,0,18987,499,0
440,68,89626,1671,2,Divorciado,2,2,1,18706,539,0
441,40,26960,1163,4,Solteiro,6,0,2,23340,594,1
442,32,55772,42424,4,Casado,5,0,3,19825,811,1
443,45,41520,45002,3,Casado,6,1,0,18482,695,1
444,51,69481,5795,4,Divorciado,4,2,2,22457,437,1
445,19,56408,11634,0,Solteiro,3,0,1,10318,428,1
446,49,77134,5798,4,Divorciado,4,1,1,9488,348,0
447,40,40491,23420,3,Casado,6,2,1,12241,592,1
448,39,21341,30300,2,Solteiro,4,1,3,11417,835,1
449,68,64623,25345,2,Solteiro,5,1,0,16574,610,1
450,42,20338,11749,4,Casado,2,0,2,16302,836,0
451,39,91431,39595,1,Solteiro,4,0,0,15650,533,0
452,39,32254,26121,2,Solteiro,5,0,3,14350,508,1
453,66,71860,38487,4,Divorciado,2,1,0,21171,393,1
454,69,31344,29411,3,Casado,3,0,3,3096,626,0
455,59,21750,34361,4,Casado,6,1,1,12801,524,0
456,23,74756,22223,2,Casado,3,1,2,19592,310,0
457,32,87957,8394,3,Casado,1,0,1,23372,628,0
458,60,78053,15056,4,Casado,5,2,0,17559,311,1
459,54,90855,29380,0,Solteiro,2,2,1,8169,334,0
460,50,35896,27035,3,Divorciado,4,2,2,14288,746,1
461,25,75761,31620,0,Casado,3,1,1,23398,751,1
462,61,82552,20877,1,Divorciado,2,1,2,11694,519,0
463,61,97454,44404,3,Divorciado,5,1,2,13191,740,0
464,22,47935,31911,0,Solteiro,1,0,1,19051,834,0
465,56,57641,33784,2,Casado,3,1,3,11737,528,0
466,21,49711,4191,2,Solteiro,6,0,0,19207,643,1
467,23,90342,34160,1,Casado,2,0,3,6147,379,1
468,62,32182,26000,3,Solteiro,6,2,3,18740,652,1
469,49,76276,40040,3,Divorciado,2,2,1,20456,695,0
470,69,39541,4631,3,Casado,2,2,0,20643,589,1
471,47,64813,7172,1,Divorciado,5,0,0,7199,754,0
472,64,57198,43080,3,Divorciado,5,0,3,1546,427,1
473,52,28820,24561,2,Solteiro,5,0,1,6231,842,0
474,57,44070,25817,0,Casado,4,1,0,8965,658,1
475,69,89768,21281,2,Divorciado,2,0,3,19467,826,1
476,33,31122,29671,2,Solteiro,3,2,0,3040,612,0
477,30,93543,26364,0,Casado,6,2,1,21918,374,1
478,67,61786,42674,2,Casado,5,0,1,2752,845,1
479,59,26737,28425,1,Divorciado,5,0,1,2849,495,0
480,47,56062,29602,0,Casado,6,2,0,3642,328,0
481,36,74237,24253,2,Divorciado,6,0,2,2600,315,0
482,34,71571,24472,4,Casado,2,2,0,14951,722,0
483,36,45510,9080,2,Solteiro,5,1,2,21786,704,0
484,45,39426,8099,1,Divorciado,6,2,1,12797,830,1
485,43,57265,26431,3,Divorciado,4,1,3,21183,376,0
486,54,37850,32186,2,Casado,4,0,2,18002,528,1
487,43,86150,48684,3,Casado,5,0,1,2132,596,1
488,40,94910,31111,4,Divorciado,6,1,1,6491,809,0
489,26,72375,40851,2,Casado,2,0,2,6795,837,1
490,29,55435,23614,0,Solteiro,2,1,3,11531,625,1
491,18,77132,27724,3,Casado,2,0,1,11931,662,0
492,18,98945,42991,4,Solteiro,1,2,2,8633,658,1
493,64,22983,5940,0,Solteiro,5,0,3,18871,623,0
494,51,40662,29758,0,Solteiro,2,2,3,6009,625,0
495,49,43510,37224,0,Solteiro,4,2,1,3113,464,0
496,65,98187,8788,0,Solteiro,6,1,0,2044,754,1
497,42,60998,29082,2,Casado,3,0,0,14923,452,1
498,57,76846,25034,2,Solteiro,3,1,1,3431,426,1
499,62,26640,36479,2,Casado,2,0,3,14926,492,1
500,18,64547,12280,4,Solteiro,3,2,1,2582,829,0
501,33,74620,19052,4,Divorciado,3,2,2,15374,309,1
502,56,35317,17531,4,Solteiro,1,0,0,2308,391,0
503,22,27564,23804,1,Divorciado,4,0,2,22301,438,1
504,39,47345,29903,4,Solteiro,4,1,1,9793,780,1
505,46,99273,45857,2,Solteiro,1,0,1,2620,748,1
506,20,94859,11142,2,Solteiro,1,0,3,24887,632,1
507,29,94038,49355,1,Divorciado,3,0,3,5766,639,1
508,43,72393,10866,1,Divorciado,5,1,3,22746,351,0
509,33,86081,5531,4,Solteiro,6,0,2,6192,765,1
510,68,49430,46454,3,Casado,6,2,3,7622,774,1
511,54,95532,39098,1,Solteiro,3,1,1,7093,700,1
512,39,47788,39278,0,Divorciado,6,1,3,24088,738,1
513,46,68543,29138,2,Solteiro,1,2,0,17484,808,0
514,31,33919,28065,0,Divorciado,4,2,3,24041,452,1
515,45,89346,30956,2,Divorciado,6,2,2,23259,813,0
516,22,59974,42732,2,Divorciado,3,0,0,21655,802,1
517,64,36371,40261,1,Solteiro,5,2,0,1237,305,0
518,66,65084,11759,1,Divorciado,3,0,0,24610,799,0
519,47,49629,6439,0,Divorciado,2,1,2,22602,417,0
520,63,71184,48241,2,Solteiro,3,1,1,21409,784,0
521,69,81916,43533,0,Divorciado,1,2,3,12110,767,0
522,22,93972,29270,3,Solteiro,4,0,0,7073,460,1
523,29,82187,14279,0,Divorciado,4,2,0,3542,569,0
524,33,32984,40279,4,Casado,6,2,0,16282,355,1
525,43,53039,45251,0,Casado,1,0,1,11195,527,0
526,43,78606,24888,4,Divorciado,2,2,1,2537,448,0
527,65,30616,18630,4,Casado,1,1,2,18138,345,1
528,38,70072,36144,4,Solteiro,3,2,1,12560,443,0
529,56,44574,32182,3,Casado,1,0,3,14434,639,0
530,53,23430,26538,0,Divorciado,1,0,2,8396,712,0
531,50,32676,12824,0,Divorciado,2,1,2,22891,819,0
532,47,30816,33125,3,Solteiro,3,0,3,21619,643,1
533,54,52733,7979,2,Divorciado,5,0,3,17924,686,0
534,40,22050,27189,1,Solteiro,5,1,3,22894,772,0
535,27,53933,43600,0,Casado,4,2,2,6131,574,1
536,22,44951,13504,1,Casado,6,1,2,9697,652,1
537,53,52413,21669,3,Solteiro,1,2,2,18513,365,0
538,51,54801,7910,2,Solteiro,4,1,3,11271,378,0
539,69,75619,47857,2,Divorciado,2,2,3,4145,501,1
540,48,52913,35964,2,Casado,5,1,0,14100,412,0
541,27,60600,21131,3,Solteiro,1,2,1,21104,390,1
542,36,77775,26227,4,Casado,2,1,0,5067,440,0
543,49,55400,6978,4,Solteiro,6,2,3,5195,588,1
544,18,24494,22991,1,Casado,2,1,2,10244,710,1
545,22,94691,18153,4,Divorciado,1,0,3,8281,676,1
546,62,63001,34548,4,Casado,6,2,1,3509,683,0
547,21,87364,43676,2,Casado,2,1,0,22400,451,0
548,33,65028,40071,2,Casado,6,2,0,16502,618,0
549,41,57573,48454,1,Casado,1,2,2,7533,668,0
550,33,20806,4983,0,Casado,1,1,0,22111,761,1
551,19,76638,10503,1,Divorciado,6,2,0,18065,311,1
552,66,49757,30921,1,Solteiro,3,1,3,15670,455,1
553,45,54636,17905,3,Casado,4,0,0,4932,776,0
554,49,68280,46838,3,Divorciado,2,2,0,15595,700,0
555,44,44262,24953,1,Casado,2,0,0,14041,476,0
556,37,82211,27806,1,Casado,3,2,2,6560,640,1
557,41,74842,46000,1,Solteiro,3,2,2,5016,356,0
558,29,76979,23168,4,Casado,3,2,3,24723,747,0
559,67,58197,5583,3,Divorciado,5,1,0,1719,502,1
560,52,61844,39714,1,Divorciado,5,0,2,1074,501,1
561,50,84754,40896,2,Solteiro,6,2,2,21541,629,0
562,50,54157,12889,2,Casado,5,1,3,14161,662,1
563,68,97129,28413,4,Divorciado,1,2,1,3149,753,0
564,60,60042,13275,4,Casado,6,1,0,15033,655,1
565,54,81665,3461,0,Casado,2,2,2,24097,515,1
566,29,47376,15291,0,Casado,4,0,3,5207,322,1
567,20,75554,47804,0,Solteiro,1,0,3,24525,454,0
568,18,34199,12435,4,Casado,2,2,3,16043,485,0
569,50,70948,28935,4,Divorciado,2,1,2,10078,548,0
570,57,93781,34453,4,Casado,6,2,0,12725,433,1
571,27,92750,19544,2,Divorciado,3,1,1,4936,620,1
572,60,86262,13258,4,Casado,3,2,0,10307,689,1
573,61,66600,31841,2,Divorciado,1,1,3,18459,733,1
574,46,96898,49758,0,Divorciado,3,0,3,21260,321,0
575,30,82483,11736,0,Casado,2,2,1,5615,424,0
576,29,38297,38643,0,Casado,3,0,0,8265,378,0
577,48,50448,44950,1,Divorciado,5,0,3,23763,350,1
578,63,46172,35964,1,Solteiro,3,2,3,11116,475,1
579,19,62874,29044,3,Casado,2,2,0,16733,552,0
580,68,27657,40933,3,Solteiro,6,1,3,14892,545,1
581,67,45425,16997,3,Casado,1,1,0,5652,405,0
582,52,46685,15215,1,Casado,4,0,3,24176,492,1
583,40,44578,34069,1,Casado,3,1,0,11473,615,1
584,34,48831,24911,3,Casado,2,1,1,10247,601,0
585,43,27906,18030,3,Solteiro,4,2,3,24840,847,0
586,25,81413,30334,4,Casado,4,1,1,22058,567,1
587,46,74028,15571,3,Divorciado,5,0,3,17925,469,0
588,43,27287,43719,4,Divorciado,4,1,3,3161,754,0
589,27,53660,29927,2,Solteiro,6,0,2,19635,591,1
590,43,95758,21714,1,Casado,2,2,0,21953,440,1
591,51,80504,44541,3,Divorciado,2,0,1,20128,445,1
592,68,79720,24387,1,Solteiro,3,1,1,15588,724,0
593,58,54701,29444,1,Casado,3,2,1,13061,613,1
594,24,37674,49908,1,Divorciado,3,1,0,7041,483,1
595,21,43874,20921,2,Divorciado,6,2,2,13673,427,1
596,67,63642,14057,0,Solteiro,4,2,1,22059,586,1
597,62,85160,46268,3,Casado,4,1,0,2560,552,1
598,28,37602,25858,0,Casado,5,1,3,12954,685,0
599,46,45931,49689,0,Divorciado,6,2,1,18548,529,1
600,53,49192,45638,0,Divorciado,3,2,1,16078,570,1
601,42,66542,27062,1,Divorciado,1,1,2,6419,714,0
602,38,62520,37850,4,Casado,5,0,1,3722,497,1
603,53,84772,47486,1,Solteiro,1,1,1,11550,622,1
604,27,78762,21567,1,Solteiro,4,2,3,17854,355,0
605,54,70106,30739,0,Casado,5,1,0,2468,502,1
606,26,45559,44285,1,Solteiro,5,0,0,1808,437,0
607,41,53742,4754,0,Divorciado,2,1,2,7719,721,1
608,52,89669,28044,4,Solteiro,4,2,3,17363,356,0
609,66,41754,2724,3,Solteiro,4,1,0,11591,370,0
610,52,23972,2376,0,Solteiro,6,2,3,6073,671,1
611,65,90831,9706,4,Divorciado,5,2,0,9012,813,0
612,53,61873,9894,3,Casado,4,1,3,19029,383,0
613,35,29903,19037,2,Divorciado,5,2,2,14892,342,1
614,66,23020,19450,0,Casado,6,2,1,9249,432,1
615,56,61755,17406,0,Casado,6,0,2,18513,694,0
616,49,65648,30725,2,Casado,2,0,0,16147,364,1
617,41,29516,6926,2,Solteiro,5,0,2,18737,589,0
618,40,22396,40019,0,Solteiro,4,0,1,1767,675,0
619,49,39129,10496,2,Casado,4,2,2,4895,766,1
620,54,21591,37068,1,Casado,5,1,0,20838,512,1
621,29,31303,30806,3,Solteiro,5,2,0,11200,447,0
622,66,50561,23663,3,Divorciado,5,2,2,8329,770,1
623,30,91719,42321,3,Casado,3,2,1,16332,448,1
624,40,27314,37495,1,Divorciado,4,1,2,15621,387,0
625,42,39623,23656,2,Solteiro,6,0,1,12334,623,0
626,52,87675,26860,4,Casado,4,2,3,19174,695,0
627,58,85082,17832,2,Divorciado,3,2,1,1885,703,0
628,47,53130,39787,0,Divorciado,5,0,3,8734,381,0
629,34,71756,49231,3,Divorciado,2,2,2,4906,585,0
630,66,46292,22727,2,Solteiro,5,1,1,5492,681,1
631,37,89274,43815,4,Solteiro,5,2,3,10730,569,0
632,65,22469,30545,0,Divorciado,3,2,3,3073,591,1
633,42,73947,45522,1,Divorciado,4,0,3,17696,752,1
634,39,42534,3520,1,Solteiro,5,2,0,7269,323,0
635,30,83620,4081,4,Divorciado,4,2,2,22701,610,1
636,36,68874,35196,0,Divorciado,1,1,3,18194,760,0
637,66,69708,37735,3,Solteiro,6,0,1,7841,507,1
638,53,94553,40213,2,Divorciado,4,0,3,11955,737,0
639,29,88344,15566,0,Divorciado,2,1,0,3032,837,0
640,58,69138,15042,1,Divorciado,6,2,2,10699,635,0
641,36,74302,26498,4,Solteiro,2,0,0,13737,721,0
642,29,67638,12329,4,Divorciado,5,0,0,11762,620,1
643,26,98249,32656,2,Solteiro,6,2,0,8129,796,1
644,24,22719,3159,4,Solteiro,4,2,1,20089,462,1
645,45,42890,38900,4,Casado,6,0,2,9788,840,1
646,31,97236,20363,0,Casado,5,2,2,3147,464,1
647,48,56509,48701,3,Divorciado,3,0,1,1615,594,0
648,69,62534,44241,2,Solteiro,2,2,2,1947,341,0
649,36,38787,20033,0,Casado,5,2,0,6677,584,0
650,64,68845,11805,3,Divorciado,3,1,2,22035,686,0
651,33,77932,36851,0,Casado,6,2,1,8866,437,0
652,22,53062,27832,0,Casado,6,1,0,3013,486,1
653,52,95713,14944,4,Solteiro,5,2,1,21081,730,0
654,29,80461,20873,3,Solteiro,4,0,3,17874,715,0
655,42,95418,41372,2,Casado,6,0,0,21734,725,1
656,69,86672,24928,2,Casado,4,2,0,19812,715,1
657,38,54832,16379,3,Solteiro,4,2,2,5987,325,0
658,53,51966,37751,4,Divorciado,4,0,0,9733,670,0
659,40,92545,35546,1,Solteiro,1,2,1,10479,684,1
660,33,32987,25286,0,Casado,3,1,2,10825,355,0
661,56,57311,6110,4,Divorciado,3,1,3,22304,552,0
662,62,51575,13087,3,Casado,6,1,1,3926,405,0
663,59,83852,24762,0,Divorciado,6,1,3,8282,429,1
664,56,21007,18081,2,Casado,4,1,3,16635,675,0
665,31,90981,35947,1,Divorciado,1,2,3,16847,607,0
666,48,96242,10596,2,Divorciado,4,2,0,21760,390,1
667,22,67517,39019,3,Casado,1,1,1,10490,692,1
668,52,49257,43003,0,Divorciado,4,2,1,22252,833,1
669,40,62207,19313,3,Solteiro,2,2,0,7986,409,0
670,46,33281,48639,0,Casado,2,1,2,7862,639,1
671,60,81246,2013,4,Solteiro,5,2,3,13159,655,0
672,28,21435,24705,1,Casado,4,2,1,5423,467,1
673,35,46660,2828,4,Divorciado,6,2,0,11450,751,0
674,64,25084,8909,4,Divorciado,3,1,3,24254,404,1
675,29,33507,39356,3,Divorciado,5,2,2,9159,449,0
676,26,92595,14109,1,Casado,6,0,2,3073,445,0
677,27,65539,3023,0,Solteiro,2,0,3,23554,598,1
678,61,27491,15537,0,Solteiro,4,1,2,18085,466,1
679,34,70192,27661,2,Casado,5,0,1,11111,347,0
680,55,83888,39659,0,Casado,4,1,1,7825,538,1
681,24,93609,34848,3,Solteiro,2,0,1,11652,306,0
682,63,29077,38804,4,Solteiro,5,0,2,13454,763,1
683,30,40953,16379,4,Solteiro,2,0,1,21648,752,1
684,57,96919,28766,4,Solteiro,1,1,0,8968,670,0
685,59,87889,44590,1,Casado,2,1,1,13516,848,1
686,26,43821,3563,0,Casado,4,2,1,15290,786,1
687,67,57567,37060,3,Divorciado,3,1,2,8776,510,0
688,44,44860,30197,1,Solteiro,2,0,1,9558,464,0
689,19,41195,4586,2,Divorciado,6,0,3,9719,424,1
690,22,97475,17087,3,Casado,3,1,0,5886,636,0
691,46,41427,49868,3,Casado,1,1,2,21319,491,1
692,54,47083,24225,3,Divorciado,5,1,0,5619,513,1
693,55,77372,30750,4,Solteiro,5,2,3,22575,627,0
694,36,64064,7643,3,Solteiro,3,0,2,14956,680,0
695,25,27813,28523,0,Solteiro,5,2,2,11345,538,0
696,65,51598,37727,3,Solteiro,2,2,1,7875,831,0
697,62,47082,12005,4,Divorciado,3,0,0,11100,381,0
698,18,49241,44543,3,Divorciado,4,0,3,8856,662,0
699,39,64569,1161,2,Casado,2,1,3,6401,804,1
700,69,31745,17029,2,Solteiro,2,1,2,4022,501,1
701,34,46029,15226,4,Solteiro,2,2,1,12675,803,0
702,24,33025,29731,0,Solteiro,4,1,2,11912,336,1
703,42,34288,44922,0,Divorciado,1,1,2,6738,701,1
704,62,26540,45848,1,Solteiro,6,0,2,16126,475,1
705,21,88878,4390,4,Divorciado,5,0,2,23368,844,1
706,53,61846,6997,3,Solteiro,3,1,3,2770,766,0
707,23,95932,13693,4,Solteiro,1,0,3,13305,500,1
708,48,37482,43092,1,Casado,3,1,2,10969,839,1
709,36,43411,1541,4,Solteiro,5,0,2,13404,846,0
710,61,70975,22817,4,Solteiro,4,0,1,9989,693,0
711,56,80545,38861,1,Casado,2,0,2,4215,341,0
712,44,98797,14428,0,Divorciado,2,0,3,12980,692,0
713,27,72307,44934,3,Divorciado,4,1,0,7694,740,1
714,43,23093,49831,1,Solteiro,1,2,3,20360,805,0
715,36,97258,11258,2,Divorciado,1,0,1,21121,619,1
716,56,42042,17044,0,Solteiro,3,1,3,18136,514,1
717,20,72930,30411,2,Casado,4,1,0,11661,370,0
718,62,64413,6469,0,Casado,1,0,2,2392,535,0
719,30,53756,29854,3,Solteiro,4,2,0,7789,580,0
720,67,73268,7256,3,Casado,5,0,2,15385,461,0
721,45,59214,11720,4,Casado,2,1,2,18061,490,0
722,37,48602,34937,2,Solteiro,2,2,3,1105,308,0
723,45,73331,34598,0,Solteiro,2,1,3,12479,359,1
724,25,68901,2651,3,Casado,4,0,3,22137,524,1
725,58,83416,20194,1,Divorciado,4,2,1,2946,586,1
726,56,52196,26051,3,Divorciado,3,1,3,6544,468,1
727,18,25626,28386,1,Solteiro,2,1,1,18479,361,0
728,20,27424,10518,0,Solteiro,3,1,3,14275,648,0
729,30,32857,47026,3,Divorciado,2,0,2,7985,741,1
730,45,39982,17184,3,Casado,3,2,1,2782,313,1
731,66,96961,34787,0,Divorciado,3,0,0,21925,463,1
732,42,21980,22621,3,Divorciado,5,0,1,20641,719,0
733,50,68290,11028,1,Divorciado,3,0,1,7213,819,0
734,55,46431,13448,3,Divorciado,4,2,0,15485,847,0
735,23,46385,46253,2,Solteiro,3,0,1,16605,327,1
736,61,58158,35051,4,Solteiro,2,0,2,5869,745,1
737,62,43019,31447,1,Casado,3,0,3,18945,507,0
738,49,38639,19394,2,Casado,1,0,0,21390,769,0
739,62,41563,35501,0,Casado,6,1,3,10867,403,1
740,64,59341,31254,1,Casado,2,0,2,4981,725,1
741,38,25776,19509,4,Divorciado,1,1,0,10493,400,0
742,33,56444,49998,4,Solteiro,2,0,3,6682,840,1
743,38,88916,15472,0,Solteiro,4,2,3,6782,821,0
744,28,28711,46657,0,Casado,6,1,2,18327,405,0
745,54,94318,4471,1,Casado,6,1,3,21934,576,1
746,53,50707,42796,3,Divorciado,4,1,2,10137,364,1
747,52,59110,31268,0,Divorciado,6,1,1,17984,487,1
748,36,81788,9329,3,Casado,4,2,2,14012,616,0
749,37,58827,35865,2,Solteiro,1,0,1,23760,437,1
750,35,25655,47850,4,Solteiro,5,1,0,2524,642,1
751,64,64859,47698,3,Solteiro,2,2,3,21150,404,0
752,58,73625,29272,4,Casado,4,1,2,17634,845,0
753,66,72098,43845,3,Solteiro,2,0,2,1078,679,1
754,31,35251,7397,2,Divorciado,1,1,3,4123,409,0
755,32,20526,33373,0,Divorciado,5,2,3,8064,844,0
756,48,88760,36525,2,Casado,1,0,0,14068,653,0
757,18,67837,25570,0,Divorciado,6,2,0,9417,616,1
758,20,31536,19284,0,Casado,2,0,2,14362,565,1
759,33,48541,19994,4,Solteiro,5,0,0,2209,364,0
760,40,99083,24284,2,Solteiro,6,0,1,6153,632,0
761,28,71027,18833,3,Solteiro,5,1,0,5898,812,0
762,29,54531,26122,2,Divorciado,6,2,0,19562,432,1
763,27,28712,6017,4,Casado,1,2,2,11871,839,0
764,49,85455,17370,0,Solteiro,4,2,1,8610,834,0
765,33,94744,30252,4,Casado,2,0,0,12077,795,1
766,25,25109,8999,1,Solteiro,3,1,1,16791,668,0
767,55,69268,23436,1,Divorciado,3,0,1,3544,398,1
768,29,74615,43963,3,Divorciado,1,2,1,6522,616,1
769,41,49759,3096,4,Casado,2,1,3,3370,422,1
770,45,80112,49201,3,Divorciado,2,1,3,20665,619,0
771,25,46589,26279,3,Divorciado,1,1,3,5710,794,0
772,45,50015,44363,1,Casado,2,2,3,1328,756,1
773,53,49009,49709,3,Solteiro,4,1,2,14683,821,0
774,43,82046,27201,1,Divorciado,1,1,0,6579,819,1
775,25,46143,20715,0,Casado,4,0,3,21612,614,0
776,67,26154,30309,4,Divorciado,2,0,2,14122,841,1
777,45,41804,16078,3,Divorciado,1,1,0,7794,778,1
778,45,61688,6105,1,Divorciado,2,1,3,1120,319,0
779,54,84288,30312,2,Divorciado,1,0,0,7749,429,0
780,58,71195,3839,3,Casado,2,0,3,14763,592,0
781,53,40581,4384,0,Casado,4,0,2,18348,431,0
782,44,72648,44619,0,Casado,4,2,1,21608,655,1
783,34,50087,43821,2,Divorciado,2,2,1,16450,353,1
784,26,69930,14493,1,Divorciado,1,0,0,4675,686,0
785,50,52981,18069,3,Divorciado,3,1,2,23078,564,0
786,37,89298,47907,1,Casado,4,0,1,19460,514,1
787,30,66167,8531,0,Divorciado,4,2,3,24249,759,0
788,45,95304,38051,1,Solteiro,6,1,1,6643,757,0
789,65,63408,8736,0,Divorciado,3,2,0,12560,342,0
790,46,59499,8710,1,Solteiro,2,1,0,22633,577,0
791,30,72269,2619,2,Divorciado,1,2,2,18700,429,1
792,63,58559,14975,4,Casado,6,1,0,18580,649,1
793,52,94319,46603,2,Divorciado,2,1,1,16383,843,0
794,23,68787,24252,2,Solteiro,5,1,1,4170,405,1
795,35,55488,16261,4,Solteiro,4,1,1,1355,300,0
796,68,94441,2431,4,Divorciado,5,2,1,10718,731,0
797,22,94663,10067,3,Solteiro,4,2,2,1028,605,0
798,64,42431,38481,3,Solteiro,4,1,3,15831,826,1
799,42,81681,28037,2,Casado,5,1,3,18397,352,1
800,19,83483,10557,2,Divorciado,5,2,2,11894,819,1
801,27,69153,10435,0,Divorciado,2,1,0,10019,629,1
802,47,26368,38766,0,Divorciado,6,1,3,13638,624,1
803,67,47424,1162,3,Solteiro,6,1,0,15889,413,0
804,62,65004,35742,3,Divorciado,5,0,3,3024,446,0
805,22,76985,20675,0,Divorciado,2,1,0,6839,465,1
806,50,70069,9461,0,Casado,6,0,2,14503,678,1
807,18,72326,18015,1,Casado,2,1,1,23175,438,1
808,35,43398,33591,1,Casado,2,2,0,11303,598,0
809,49,70861,29047,0,Solteiro,4,0,1,18138,575,1
810,64,95897,35782,1,Divorciado,6,0,0,21119,477,0
811,66,88577,10833,4,Casado,6,1,0,18622,653,0
812,28,85641,8896,3,Casado,4,1,0,2906,453,1
813,38,29078,33972,3,Casado,5,0,0,8399,500,0
814,43,45003,42800,0,Divorciado,4,2,0,8961,414,0
815,42,82768,31508,2,Divorciado,6,2,1,21985,367,1
816,39,71047,6347,0,Divorciado,6,1,0,13031,744,0
817,44,91626,31314,1,Solteiro,5,2,1,16128,744,1
818,66,77660,3643,2,Solteiro,4,2,2,16663,625,0
819,30,69786,41785,1,Casado,1,1,3,2460,658,1
820,50,21925,19681,4,Divorciado,1,2,0,16682,444,1
821,51,46015,39328,1,Casado,5,1,3,16193,574,0
822,58,53320,16892,4,Divorciado,4,0,1,18800,808,1
823,52,84881,48299,4,Divorciado,4,1,2,12045,478,0
824,18,46289,18073,1,Divorciado,2,0,2,8766,776,0
825,38,23389,37768,1,Solteiro,6,0,2,18812,713,1
826,65,45683,31682,4,Solteiro,3,2,3,5378,452,0
827,23,33629,33262,2,Divorciado,5,2,1,8529,403,1
828,45,81550,32358,4,Casado,3,2,0,21858,374,0
829,34,44826,15289,3,Divorciado,3,1,0,4071,427,0
830,22,46630,8927,4,Divorciado,5,2,1,17939,644,1
831,48,66163,49330,2,Casado,4,0,3,18947,830,0
832,22,86435,2171,3,Divorciado,5,2,0,12692,458,0
833,55,31653,12918,0,Casado,3,2,1,2040,837,0
834,20,47961,42903,0,Solteiro,6,1,0,3686,725,0
835,40,94137,40110,2,Solteiro,6,1,2,13666,322,0
836,54,53662,12929,4,Casado,6,0,0,3553,346,0
837,54,76446,3539,1,Solteiro,4,1,3,2779,824,0
838,27,41288,37727,2,Solteiro,1,2,1,14186,443,0
839,27,56877,46951,3,Casado,5,1,3,17459,718,1
840,36,35313,23669,3,Solteiro,6,0,1,21710,384,0
841,34,92715,6432,0,Divorciado,5,2,2,23219,715,0
842,38,30326,21644,3,Divorciado,6,0,1,6057,781,1
843,31,21560,19745,2,Casado,4,1,0,19733,755,1
844,26,99148,29228,3,Solteiro,1,1,0,20157,596,1
845,63,46745,35521,2,Divorciado,1,0,2,3262,411,0
846,18,51890,32703,1,Divorciado,6,2,1,20613,529,1
847,68,40022,27928,0,Solteiro,4,1,2,11308,395,1
848,62,72579,19322,3,Solteiro,2,1,0,17776,677,0
849,30,90316,23360,2,Divorciado,5,2,3,18492,455,0
850,21,48380,30055,4,Divorciado,5,1,2,21746,720,1
851,18,22356,43891,0,Casado,3,0,3,6188,404,1
852,66,90326,17376,1,Casado,4,1,3,9802,629,0
853,57,40049,7588,2,Divorciado,3,1,1,6057,738,0
854,49,95717,26000,1,Casado,6,2,2,4998,431,0
855,51,36082,7304,1,Divorciado,3,0,3,9864,681,0
856,45,20661,8345,3,Divorciado,1,2,3,23950,437,0
857,48,57412,30300,3,Casado,5,1,1,4677,569,1
858,25,22920,25259,2,Casado,3,1,1,6796,849,0
859,56,80315,26470,4,Solteiro,1,2,0,15450,695,0
860,43,99561,24017,2,Solteiro,4,2,3,7363,763,0
861,51,28946,16352,4,Solteiro,3,2,0,9123,749,0
862,20,65500,34365,1,Divorciado,6,0,3,9222,630,0
863,67,36309,20446,0,Casado,6,1,0,14654,552,1
864,29,75230,3336,2,Divorciado,6,2,1,18784,584,0
865,18,50027,10879,2,Casado,5,1,2,5071,573,1
866,61,92541,33316,4,Divorciado,3,0,1,9808,319,0
867,22,79321,34340,1,Solteiro,4,0,0,3786,538,1
868,47,20956,8521,1,Solteiro,3,0,0,24553,569,1
869,47,94131,7171,4,Solteiro,5,0,2,1870,717,0
870,34,67908,24481,1,Divorciado,1,1,3,5196,609,0
871,65,98339,19474,3,Casado,5,0,0,12796,330,0
872,64,45963,47760,0,Casado,6,0,0,3739,403,0
873,40,59443,45629,2,Solteiro,1,2,0,1940,485,0
874,32,59063,46232,0,Solteiro,6,0,2,1340,427,1
875,54,24703,22008,2,Solteiro,2,2,1,24806,509,0
876,38,85128,2633,3,Solteiro,5,0,0,5133,713,0
877,31,92099,13485,1,Casado,5,0,2,18043,580,1
878,19,45849,44617,4,Divorciado,4,2,0,11225,552,0
879,28,51860,4648,3,Divorciado,3,0,3,10752,318,1
880,68,51585,48945,0,Divorciado,1,1,2,4457,435,0
881,56,42015,14140,4,Divorciado,1,1,0,10848,522,1
882,55,97539,18921,1,Solteiro,4,0,2,20359,302,0
883,51,63585,15357,3,Solteiro,4,1,0,10241,535,1
884,55,46958,47136,4,Solteiro,3,2,1,1453,764,1
885,67,46017,4137,3,Divorciado,6,0,0,10896,527,0
886,51,96707,1097,3,Solteiro,3,0,2,22826,798,0
887,35,65350,12407,1,Solteiro,5,2,3,11976,820,0
888,47,32201,31575,2,Casado,6,2,3,16872,438,1
889,32,49426,13722,4,Casado,2,2,3,1818,575,1
890,44,37778,13924,1,Solteiro,3,0,0,5868,590,1
891,68,65241,4750,3,Casado,4,2,1,17396,352,0
892,51,62229,28733,1,Casado,6,2,0,13171,409,0
893,69,68364,9535,2,Solteiro,3,1,3,1920,303,1
894,55,77056,25487,4,Solteiro,1,1,2,22304,346,0
895,50,47490,31651,2,Solteiro,2,0,3,19802,393,1
896,41,39975,5666,0,Solteiro,5,1,2,10506,512,0
897,32,46723,49777,4,Divorciado,1,1,1,7475,735,0
898,47,43279,17994,2,Divorciado,1,2,2,3017,807,1
899,59,98301,2727,3,Solteiro,2,2,0,8957,504,0
900,68,31561,35622,4,Casado,5,1,0,17230,680,0
901,34,86061,11800,4,Solteiro,4,1,0,10420,372,0
902,22,69153,38823,1,Solteiro,6,1,2,5792,815,0
903,46,53142,44039,3,Casado,5,0,0,24214,375,0
904,21,46916,19708,0,Divorciado,3,0,0,14237,376,1
905,27,84324,13819,2,Solteiro,1,0,0,19818,709,0
906,34,64965,10369,1,Solteiro,3,1,1,17251,405,1
907,27,24648,10283,2,Divorciado,4,1,2,20252,775,0
908,34,55133,31573,0,Divorciado,3,0,2,11707,574,0
909,37,70677,14171,0,Casado,5,0,3,2438,387,1
910,41,90135,31933,4,Divorciado,3,1,2,4543,376,1
911,22,55046,6774,0,Divorciado,4,2,1,12367,376,0
912,51,67064,7519,2,Divorciado,4,0,2,19165,741,0
913,23,89350,11983,3,Casado,4,1,1,16520,839,1
914,19,65893,31932,3,Divorciado,5,1,1,7343,544,1
915,30,81272,31798,4,Divorciado,4,2,2,3263,681,1
916,60,87649,19133,2,Casado,1,1,3,11161,441,1
917,60,84674,15939,2,Divorciado,4,1,0,1211,667,0
918,65,33760,1781,0,Divorciado,3,0,0,23543,383,0
919,28,41927,28624,2,Casado,6,0,2,14809,442,0
920,68,81367,7823,1,Solteiro,3,2,2,8027,651,0
921,64,32588,19489,0,Casado,6,2,1,1331,844,0
922,40,72233,40961,1,Divorciado,3,1,2,24244,451,1
923,33,64738,30118,4,Divorciado,5,0,1,9169,457,1
924,48,53397,35881,3,Divorciado,3,2,3,23104,745,1
925,28,96367,17280,4,Casado,5,2,2,10133,602,0
926,33,91260,23263,3,Divorciado,5,2,0,15591,749,1
927,25,96619,14565,4,Divorciado,4,1,0,17125,523,0
928,21,39816,21354,2,Casado,1,0,2,1727,342,0
929,57,62240,43951,1,Solteiro,6,2,1,22359,563,0
930,21,26276,26643,3,Solteiro,4,0,0,12054,302,1
931,42,99530,24648,0,Divorciado,4,2,1,4243,567,0
932,20,43499,42971,1,Casado,5,2,2,18032,315,0
933,49,91635,19658,0,Divorciado,5,0,2,6095,633,1
934,20,55946,22253,1,Casado,6,0,0,14809,763,0
935,44,75204,49563,1,Casado,3,0,2,23998,358,1
936,46,71886,27390,4,Solteiro,3,1,3,11929,476,0
937,49,91652,24128,3,Solteiro,4,2,3,15842,362,1
938,67,35563,14489,3,Casado,2,1,0,24519,606,0
939,68,29847,39314,1,Divorciado,2,0,3,18393,545,0
940,36,46155,33658,2,Solteiro,3,2,1,2550,588,1
941,38,99671,7852,2,Divorciado,2,1,0,9995,631,0
942,22,87278,30450,0,Solteiro,3,2,0,16166,826,1
943,35,38309,3551,0,Solteiro,5,1,1,8492,554,0
944,45,20619,7411,4,Divorciado,4,0,3,13501,809,1
945,59,70108,34243,1,Solteiro,1,1,3,16567,762,0
946,39,54707,22800,0,Solteiro,4,2,3,20785,498,0
947,38,40337,11403,0,Divorciado,3,2,0,24831,570,0
948,23,86504,8239,1,Solteiro,3,2,0,14265,363,1
949,18,67614,7710,4,Solteiro,4,2,3,6424,529,1
950,22,20281,22384,0,Solteiro,6,0,2,21625,548,1
951,58,47420,22038,4,Divorciado,3,1,3,15086,545,1
952,29,59030,41846,3,Casado,2,0,1,4161,456,1
953,43,21058,23447,4,Divorciado,2,0,0,21539,387,0
954,63,96260,3285,2,Casado,3,0,1,24862,612,0
955,51,48404,38991,2,Solteiro,3,2,1,10215,365,0
956,66,49856,14521,4,Casado,6,2,0,7617,319,0
957,31,29200,48657,2,Divorciado,2,2,2,23044,332,0
958,43,84178,7971,3,Divorciado,3,1,3,12926,372,1
959,62,53997,30139,1,Solteiro,3,2,1,16092,642,0
960,44,45611,20909,2,Casado,6,1,0,17160,432,1
961,26,61235,12531,2,Solteiro,6,2,1,18560,354,0
962,43,55057,15721,4,Solteiro,4,2,3,16638,360,1
963,64,21239,20206,3,Divorciado,6,0,2,3233,819,1
964,39,85661,38711,1,Casado,1,0,2,5700,571,1
965,64,65272,7530,4,Casado,2,0,2,12027,545,0
966,47,81212,12116,4,Casado,4,1,0,23290,475,0
967,60,35398,1258,3,Casado,1,1,0,8860,616,0
968,65,76503,1282,1,Solteiro,3,2,2,8526,430,0
969,34,26638,14937,3,Solteiro,3,1,3,6559,401,1
970,43,26570,2898,1,Divorciado,4,2,3,7732,609,1
971,53,88785,5135,3,Solteiro,6,1,0,3513,591,1
972,18,29110,7629,4,Solteiro,3,1,2,8830,794,1
973,25,99141,44936,4,Divorciado,5,1,3,15781,660,0
974,66,32115,20584,0,Divorciado,4,0,3,24328,637,1
975,52,59062,24551,2,Divorciado,1,1,3,8910,309,0
976,69,42911,34380,3,Solteiro,4,0,0,16847,348,1
977,32,52556,47971,0,Solteiro,2,0,2,6649,786,1
978,64,98131,18071,2,Divorciado,6,1,1,18480,620,1
979,39,21969,21074,3,Divorciado,6,2,2,10120,432,0
980,31,63753,26188,1,Divorciado,4,2,2,2951,382,0
981,43,24470,3307,2,Solteiro,3,2,0,11165,356,1
982,45,30225,40901,4,Solteiro,3,1,3,15352,675,1
983,40,43196,12205,0,Casado,5,2,3,10746,648,1
984,31,33669,6906,2,Solteiro,5,0,0,11970,570,0
985,41,57380,3591,2,Solteiro,6,2,0,10186,782,0
986,19,68320,16149,4,Solteiro,5,1,0,9804,410,0
987,62,67414,45918,3,Divorciado,1,2,0,1595,375,1
988,43,35577,40951,1,Solteiro,5,0,0,8875,457,0
989,31,75409,26150,4,Divorciado,1,1,1,21823,831,1
990,68,48625,32852,1,Casado,5,2,2,6972,628,0
991,24,44089,43870,3,Casado,6,1,2,16882,421,1
992,20,56487,2283,2,Divorciado,6,1,2,1858,340,1
993,64,85838,34691,1,Divorciado,1,1,3,6519,466,0
994,40,70138,2125,0,Divorciado,4,2,1,24769,322,1
995,63,62823,2529,0,Solteiro,6,1,2,10980,578,1
996,60,57208,27170,4,Casado,4,2,3,5317,768,1
997,64,74061,9438,3,Divorciado,3,0,1,20838,699,0
998,62,50659,21095,4,Solteiro,1,2,1,13144,308,1
999,35,51890,17154,4,Casado,6,0,3,13879,312,0
1000,55,99134,9004,4,Solteiro,2,2,1,2030,351,0
